"Profile","Id","Path","Slice Name","Alias(s)","Label","Min","Max","Must Support?","Is Modifier?","Is Summary?","Type(s)","Short","Definition","Comments","Requirements","Default Value","Meaning When Missing","Fixed Value","Pattern","Example","Minimum Value","Maximum Value","Maximum Length","Binding Strength","Binding Description","Binding Value Set","Code","Slicing Discriminator","Slicing Description","Slicing Ordered","Slicing Rules","Base Path","Base Min","Base Max","Condition(s)","Constraint(s)"
"PreQualDB","PreQualDB","PreQualDB","","","",0,*,"","","","null {[]} {[]}
","WHO Vaccine PreQual DB","WHO Vaccine PreQual DB.  Logical model for WHO PreQual DB as CSV file available at:
     https://extranet.who.int/prequal/vaccines/prequalified-vaccines
Columns of the CSV are as follows
  1:Date of Prequalification  
  2:Vaccine Type
  3:Commercial Name
  4:Presentation
  5:No. of doses
  6:Manufacturer
  7:Responsible NRA
","","","","","","","","","",,,,,"",,,,"Base",0,*,"",""
"PreQualDB","PreQualDB.dateOfPrequal","PreQualDB.dateOfPrequal","","","",1,1,"","","","dateTime {[]} {[]}
","Date of Prequalification (DD/MM/YY)","Date of Prequalification (DD/MM/YY)","","","","","","","","","",,,,,"",,,,"PreQualDB.dateOfPrequal",1,1,"",""
"PreQualDB","PreQualDB.vaccineType","PreQualDB.vaccineType","","","",1,1,"","","","CodeableConcept {[]} {[]}
","Vaccine Type","Vaccine Type","","","","","","","","","",,,,,"",,,,"PreQualDB.vaccineType",1,1,"",""
"PreQualDB","PreQualDB.commercialName","PreQualDB.commercialName","","","",1,1,"","","","string {[]} {[]}
","Commercial Name","Commercial Name","","","","","","","","","",,,,,"",,,,"PreQualDB.commercialName",1,1,"",""
"PreQualDB","PreQualDB.presentation","PreQualDB.presentation","","","",1,1,"","","","CodeableConcept {[]} {[]}
","Presentation","Presentation","","","","","","","","","",,,,,"",,,,"PreQualDB.presentation",1,1,"",""
"PreQualDB","PreQualDB.numDoses","PreQualDB.numDoses","","","",0,1,"","","","decimal {[]} {[]}
","Number of doses","Number of doses","","","","","","","","","",,,,,"",,,,"PreQualDB.numDoses",0,1,"",""
"PreQualDB","PreQualDB.manufacturer","PreQualDB.manufacturer","","","",1,1,"","","","CodeableConcept {[]} {[]}
","Manufacturer","Manufacturer","","","","","","","","","",,,,,"",,,,"PreQualDB.manufacturer",1,1,"",""
"PreQualDB","PreQualDB.responsibleNRA","PreQualDB.responsibleNRA","","","",1,1,"","","","CodeableConcept {[]} {[]}
","Responsible NRA","Responsible NRA","","","","","","","","","",,,,,"",,,,"PreQualDB.responsibleNRA",1,1,"",""
"PreQualDBwithIds","PreQualDBwithIds","PreQualDBwithIds","","","",0,*,"","","","null {[]} {[]}
","WHO Vaccine PreQual DB with IDs","Logical model for WHO PreQual DB as CSV file available at:
     https://extranet.who.int/prequal/vaccines/prequalified-vaccines
Columns of the CSV are as follows
with additional data fields for appropriately referencing associated data objects","","","","","","","","","",,,,,"",,,,"Base",0,*,"",""
"PreQualDBwithIds","PreQualDBwithIds.dateOfPrequal","PreQualDBwithIds.dateOfPrequal","","","",1,1,"","","","dateTime {[]} {[]}
","Date of Prequalification (DD/MM/YY)","Date of Prequalification (DD/MM/YY)","","","","","","","","","",,,,,"",,,,"PreQualDB.dateOfPrequal",1,1,"",""
"PreQualDBwithIds","PreQualDBwithIds.vaccineType","PreQualDBwithIds.vaccineType","","","",1,1,"","","","CodeableConcept {[]} {[]}
","Vaccine Type","Vaccine Type","","","","","","","","","",,,,,"",,,,"PreQualDB.vaccineType",1,1,"",""
"PreQualDBwithIds","PreQualDBwithIds.commercialName","PreQualDBwithIds.commercialName","","","",1,1,"","","","string {[]} {[]}
","Commercial Name","Commercial Name","","","","","","","","","",,,,,"",,,,"PreQualDB.commercialName",1,1,"",""
"PreQualDBwithIds","PreQualDBwithIds.presentation","PreQualDBwithIds.presentation","","","",1,1,"","","","CodeableConcept {[]} {[]}
","Presentation","Presentation","","","","","","","","","",,,,,"",,,,"PreQualDB.presentation",1,1,"",""
"PreQualDBwithIds","PreQualDBwithIds.numDoses","PreQualDBwithIds.numDoses","","","",0,1,"","","","decimal {[]} {[]}
","Number of doses","Number of doses","","","","","","","","","",,,,,"",,,,"PreQualDB.numDoses",0,1,"",""
"PreQualDBwithIds","PreQualDBwithIds.manufacturer","PreQualDBwithIds.manufacturer","","","",1,1,"","","","CodeableConcept {[]} {[]}
","Manufacturer","Manufacturer","","","","","","","","","",,,,,"",,,,"PreQualDB.manufacturer",1,1,"",""
"PreQualDBwithIds","PreQualDBwithIds.responsibleNRA","PreQualDBwithIds.responsibleNRA","","","",1,1,"","","","CodeableConcept {[]} {[]}
","Responsible NRA","Responsible NRA","","","","","","","","","",,,,,"",,,,"PreQualDB.responsibleNRA",1,1,"",""
"PreQualDBwithIds","PreQualDBwithIds.index","PreQualDBwithIds.index","","","",1,1,"","","","Identifier {[]} {[]}
","An index or identifier of the prequalificaiton for the product.","An index or identifier of the prequalificaiton for the product.","","","","","","","","","",,,,,"",,,,"PreQualDBwithIds.index",1,1,"","is-a-prequal-product-id:Product ID comes from the PreQual Databatase {system = 'http://smart.who.int/pcmt-vaxprequal/CodeSystem/PreQualProductIds'}
"
"PreQualDBwithIds","PreQualDBwithIds.manufacturerReference","PreQualDBwithIds.manufacturerReference","","","",1,1,"","","","Reference {[]} {[CanonicalType[https://profiles.ihe.net/ITI/mCSD/StructureDefinition/IHE.mCSD.Organization]]}
","Manufacturer referecne","Manufacturer referecne","","","","","","","","","",,,,,"",,,,"PreQualDBwithIds.manufacturerReference",1,1,"",""
"PreQualDBwithIds","PreQualDBwithIds.responsibleNRAReference","PreQualDBwithIds.responsibleNRAReference","","","",1,1,"","","","Reference {[]} {[CanonicalType[https://profiles.ihe.net/ITI/mCSD/StructureDefinition/IHE.mCSD.Organization]]}
","Responsible NRA reference","Responsible NRA reference","","","","","","","","","",,,,,"",,,,"PreQualDBwithIds.responsibleNRAReference",1,1,"",""
"PreQualDBwithIds","PreQualDBwithIds.productReference","PreQualDBwithIds.productReference","","","",1,1,"","","","Reference {[]} {[CanonicalType[http://smart.who.int/pcmt/StructureDefinition/Product]]}
","Product reference","Product reference","","","","","","","","","",,,,,"",,,,"PreQualDBwithIds.productReference",1,1,"",""
