{
  "resourceType" : "CodeSystem",
  "id" : "PreQualVaccineType",
  "text" : {
    "status" : "generated",
    "div" : "<div xmlns=\"http://www.w3.org/1999/xhtml\"><p class=\"res-header-id\"><b>Generated Narrative: CodeSystem PreQualVaccineType</b></p><a name=\"PreQualVaccineType\"> </a><a name=\"hcPreQualVaccineType\"> </a><p>This  code system <code>http://smart.who.int/pcmt-vaxprequal/CodeSystem/PreQualVaccineType</code> defines the following codes:</p><table class=\"codes\"><tr><td style=\"white-space:nowrap\"><b>Code</b></td><td><b>Display</b></td></tr><tr><td style=\"white-space:nowrap\">BCG<a name=\"PreQualVaccineType-BCG\"> </a></td><td>BCG</td></tr><tr><td style=\"white-space:nowrap\">Covid19<a name=\"PreQualVaccineType-Covid19\"> </a></td><td>Covid-19</td></tr><tr><td style=\"white-space:nowrap\">DengueTetravalentliveattenuated<a name=\"PreQualVaccineType-DengueTetravalentliveattenuated\"> </a></td><td>Dengue Tetravalent (live, attenuated)</td></tr><tr><td style=\"white-space:nowrap\">DiphtheriaTetanus<a name=\"PreQualVaccineType-DiphtheriaTetanus\"> </a></td><td>Diphtheria-Tetanus</td></tr><tr><td style=\"white-space:nowrap\">DiphtheriaTetanusreducedantigencontent<a name=\"PreQualVaccineType-DiphtheriaTetanusreducedantigencontent\"> </a></td><td>Diphtheria-Tetanus (reduced antigen content)</td></tr><tr><td style=\"white-space:nowrap\">DiphtheriaTetanusPertussisacellular<a name=\"PreQualVaccineType-DiphtheriaTetanusPertussisacellular\"> </a></td><td>Diphtheria-Tetanus-Pertussis (acellular)</td></tr><tr><td style=\"white-space:nowrap\">DiphtheriaTetanusPertussisacellularHepatitisBHaemophilusinfluenzaetypebPolioInactivated<a name=\"PreQualVaccineType-DiphtheriaTetanusPertussisacellularHepatitisBHaemophilusinfluenzaetypebPolioInactivated\"> </a></td><td>Diphtheria-Tetanus-Pertussis (acellular)-Hepatitis B-Haemophilus influenzae type b-Polio (Inactivated)</td></tr><tr><td style=\"white-space:nowrap\">DiphtheriaTetanusPertussiswholecell<a name=\"PreQualVaccineType-DiphtheriaTetanusPertussiswholecell\"> </a></td><td>Diphtheria-Tetanus-Pertussis (whole cell)</td></tr><tr><td style=\"white-space:nowrap\">DiphtheriaTetanusPertussiswholecellHaemophilusinfluenzaetypeb<a name=\"PreQualVaccineType-DiphtheriaTetanusPertussiswholecellHaemophilusinfluenzaetypeb\"> </a></td><td>Diphtheria-Tetanus-Pertussis (whole cell)-Haemophilus influenzae type b</td></tr><tr><td style=\"white-space:nowrap\">DiphtheriaTetanusPertussiswholecellHepatitisBHaemophilusinfluenzaetypeb<a name=\"PreQualVaccineType-DiphtheriaTetanusPertussiswholecellHepatitisBHaemophilusinfluenzaetypeb\"> </a></td><td>Diphtheria-Tetanus-Pertussis (whole cell)-Hepatitis B-Haemophilus influenzae type b</td></tr><tr><td style=\"white-space:nowrap\">DiphtheriaTetanusPertussiswholecellHepatitisBHaemophilusinfluenzaetypebPolioInactivated<a name=\"PreQualVaccineType-DiphtheriaTetanusPertussiswholecellHepatitisBHaemophilusinfluenzaetypebPolioInactivated\"> </a></td><td>Diphtheria-Tetanus-Pertussis (whole cell)-Hepatitis B-Haemophilus influenzae type b-Polio (Inactivated)</td></tr><tr><td style=\"white-space:nowrap\">EbolaZairerVSVGZEBOVGPliveattenuated<a name=\"PreQualVaccineType-EbolaZairerVSVGZEBOVGPliveattenuated\"> </a></td><td>Ebola Zaire (rVSV∆G-ZEBOV-GP, live attenuated)</td></tr><tr><td style=\"white-space:nowrap\">EbolavaccineAd26ZEBOVGPrecombinant<a name=\"PreQualVaccineType-EbolavaccineAd26ZEBOVGPrecombinant\"> </a></td><td>Ebola vaccine (Ad26.ZEBOV-GP [recombinant])</td></tr><tr><td style=\"white-space:nowrap\">EbolavaccineMVABNFilorecombinant<a name=\"PreQualVaccineType-EbolavaccineMVABNFilorecombinant\"> </a></td><td>Ebola vaccine (MVA-BN-Filo [recombinant])</td></tr><tr><td style=\"white-space:nowrap\">Haemophilusinfluenzaetypeb<a name=\"PreQualVaccineType-Haemophilusinfluenzaetypeb\"> </a></td><td>Haemophilus influenzae type b</td></tr><tr><td style=\"white-space:nowrap\">HepatitisAHumanDiploidCellInactivatedAdult<a name=\"PreQualVaccineType-HepatitisAHumanDiploidCellInactivatedAdult\"> </a></td><td>Hepatitis A (Human Diploid Cell), Inactivated (Adult)</td></tr><tr><td style=\"white-space:nowrap\">HepatitisAHumanDiploidCellInactivatedPaediatric<a name=\"PreQualVaccineType-HepatitisAHumanDiploidCellInactivatedPaediatric\"> </a></td><td>Hepatitis A (Human Diploid Cell), Inactivated (Paediatric)</td></tr><tr><td style=\"white-space:nowrap\">HepatitisB<a name=\"PreQualVaccineType-HepatitisB\"> </a></td><td>Hepatitis B</td></tr><tr><td style=\"white-space:nowrap\">HepatitisBPaediatric<a name=\"PreQualVaccineType-HepatitisBPaediatric\"> </a></td><td>Hepatitis B (Paediatric)</td></tr><tr><td style=\"white-space:nowrap\">HumanPapillomavirusBivalent<a name=\"PreQualVaccineType-HumanPapillomavirusBivalent\"> </a></td><td>Human Papillomavirus (Bivalent)</td></tr><tr><td style=\"white-space:nowrap\">HumanPapillomavirusNinevalent<a name=\"PreQualVaccineType-HumanPapillomavirusNinevalent\"> </a></td><td>Human Papillomavirus (Ninevalent)</td></tr><tr><td style=\"white-space:nowrap\">HumanPapillomavirusQuadrivalent<a name=\"PreQualVaccineType-HumanPapillomavirusQuadrivalent\"> </a></td><td>Human Papillomavirus (Quadrivalent)</td></tr><tr><td style=\"white-space:nowrap\">InfluenzaPandemicH1N1<a name=\"PreQualVaccineType-InfluenzaPandemicH1N1\"> </a></td><td>Influenza, Pandemic (H1N1)</td></tr><tr><td style=\"white-space:nowrap\">InfluenzaPandemicH5N1<a name=\"PreQualVaccineType-InfluenzaPandemicH5N1\"> </a></td><td>Influenza, Pandemic (H5N1)</td></tr><tr><td style=\"white-space:nowrap\">InfluenzaseasonalQuadrivalent<a name=\"PreQualVaccineType-InfluenzaseasonalQuadrivalent\"> </a></td><td>Influenza, seasonal (Quadrivalent)</td></tr><tr><td style=\"white-space:nowrap\">InfluenzaseasonalTrivalent<a name=\"PreQualVaccineType-InfluenzaseasonalTrivalent\"> </a></td><td>Influenza, seasonal (Trivalent)</td></tr><tr><td style=\"white-space:nowrap\">JapaneseEncephalitisVaccineInactivated3µgPediatric<a name=\"PreQualVaccineType-JapaneseEncephalitisVaccineInactivated3.181gPediatric\"> </a></td><td>Japanese Encephalitis Vaccine (Inactivated) (3µg Pediatric)</td></tr><tr><td style=\"white-space:nowrap\">JapaneseEncephalitisVaccineInactivated6µg<a name=\"PreQualVaccineType-JapaneseEncephalitisVaccineInactivated6.181g\"> </a></td><td>Japanese Encephalitis Vaccine (Inactivated) 6µg</td></tr><tr><td style=\"white-space:nowrap\">JapaneseEncephalitisVaccineliveattenuated<a name=\"PreQualVaccineType-JapaneseEncephalitisVaccineliveattenuated\"> </a></td><td>Japanese Encephalitis Vaccine (live, attenuated)</td></tr><tr><td style=\"white-space:nowrap\">Malaria<a name=\"PreQualVaccineType-Malaria\"> </a></td><td>Malaria</td></tr><tr><td style=\"white-space:nowrap\">Measles<a name=\"PreQualVaccineType-Measles\"> </a></td><td>Measles</td></tr><tr><td style=\"white-space:nowrap\">MeaslesandRubella<a name=\"PreQualVaccineType-MeaslesandRubella\"> </a></td><td>Measles and Rubella</td></tr><tr><td style=\"white-space:nowrap\">MeaslesMumpsandRubella<a name=\"PreQualVaccineType-MeaslesMumpsandRubella\"> </a></td><td>Measles, Mumps and Rubella</td></tr><tr><td style=\"white-space:nowrap\">MenigococcalACYWXPolysaccharideconjugate<a name=\"PreQualVaccineType-MenigococcalACYWXPolysaccharideconjugate\"> </a></td><td>Menigococcal ACYWX (Polysaccharide conjugate)</td></tr><tr><td style=\"white-space:nowrap\">MeningococcalAConjugate10µg<a name=\"PreQualVaccineType-MeningococcalAConjugate10.181g\"> </a></td><td>Meningococcal A Conjugate 10 µg</td></tr><tr><td style=\"white-space:nowrap\">MeningococcalAConjugate5µg<a name=\"PreQualVaccineType-MeningococcalAConjugate5.181g\"> </a></td><td>Meningococcal A Conjugate 5 µg</td></tr><tr><td style=\"white-space:nowrap\">MeningococcalACYW135conjugatevaccine<a name=\"PreQualVaccineType-MeningococcalACYW135conjugatevaccine\"> </a></td><td>Meningococcal ACYW-135 (conjugate vaccine)</td></tr><tr><td style=\"white-space:nowrap\">MeningococcalACYW135TetanusToxoidconjugatevaccine<a name=\"PreQualVaccineType-MeningococcalACYW135TetanusToxoidconjugatevaccine\"> </a></td><td>Meningococcal ACYW-135 Tetanus Toxoid (conjugate vaccine)</td></tr><tr><td style=\"white-space:nowrap\">Pneumococcalconjugate<a name=\"PreQualVaccineType-Pneumococcalconjugate\"> </a></td><td>Pneumococcal (conjugate)</td></tr><tr><td style=\"white-space:nowrap\">PolioVaccineInactivatedIPV<a name=\"PreQualVaccineType-PolioVaccineInactivatedIPV\"> </a></td><td>Polio Vaccine - Inactivated (IPV)</td></tr><tr><td style=\"white-space:nowrap\">PolioVaccineInactivatedSabinsIPV<a name=\"PreQualVaccineType-PolioVaccineInactivatedSabinsIPV\"> </a></td><td>Polio Vaccine - Inactivated Sabin (sIPV)</td></tr><tr><td style=\"white-space:nowrap\">PolioVaccineNovelOralnOPVType2<a name=\"PreQualVaccineType-PolioVaccineNovelOralnOPVType2\"> </a></td><td>Polio Vaccine - Novel Oral (nOPV) Type 2</td></tr><tr><td style=\"white-space:nowrap\">PolioVaccineOralOPVBivalentTypes1and3<a name=\"PreQualVaccineType-PolioVaccineOralOPVBivalentTypes1and3\"> </a></td><td>Polio Vaccine - Oral (OPV) Bivalent Types 1 and 3</td></tr><tr><td style=\"white-space:nowrap\">PolioVaccineOralOPVMonovalentType1<a name=\"PreQualVaccineType-PolioVaccineOralOPVMonovalentType1\"> </a></td><td>Polio Vaccine - Oral (OPV) Monovalent Type 1</td></tr><tr><td style=\"white-space:nowrap\">PolioVaccineOralOPVMonovalentType2<a name=\"PreQualVaccineType-PolioVaccineOralOPVMonovalentType2\"> </a></td><td>Polio Vaccine - Oral (OPV) Monovalent Type 2</td></tr><tr><td style=\"white-space:nowrap\">PolioVaccineOralOPVMonovalentType3<a name=\"PreQualVaccineType-PolioVaccineOralOPVMonovalentType3\"> </a></td><td>Polio Vaccine - Oral (OPV) Monovalent Type 3</td></tr><tr><td style=\"white-space:nowrap\">PolioVaccineOralOPVTrivalent<a name=\"PreQualVaccineType-PolioVaccineOralOPVTrivalent\"> </a></td><td>Polio Vaccine - Oral (OPV) Trivalent</td></tr><tr><td style=\"white-space:nowrap\">Rabies<a name=\"PreQualVaccineType-Rabies\"> </a></td><td>Rabies</td></tr><tr><td style=\"white-space:nowrap\">Rotavirus<a name=\"PreQualVaccineType-Rotavirus\"> </a></td><td>Rotavirus</td></tr><tr><td style=\"white-space:nowrap\">Rotavirusliveattenuated<a name=\"PreQualVaccineType-Rotavirusliveattenuated\"> </a></td><td>Rotavirus (live, attenuated)</td></tr><tr><td style=\"white-space:nowrap\">Rubella<a name=\"PreQualVaccineType-Rubella\"> </a></td><td>Rubella</td></tr><tr><td style=\"white-space:nowrap\">SmallpoxandMpoxvaccineLiveModifiedVacciniaVirusAnkara<a name=\"PreQualVaccineType-SmallpoxandMpoxvaccineLiveModifiedVacciniaVirusAnkara\"> </a></td><td>Smallpox and Mpox vaccine (Live Modified Vaccinia Virus Ankara)</td></tr><tr><td style=\"white-space:nowrap\">TetanusToxoid<a name=\"PreQualVaccineType-TetanusToxoid\"> </a></td><td>Tetanus Toxoid</td></tr><tr><td style=\"white-space:nowrap\">TyphoidConjugate<a name=\"PreQualVaccineType-TyphoidConjugate\"> </a></td><td>Typhoid (Conjugate)</td></tr><tr><td style=\"white-space:nowrap\">Varicella<a name=\"PreQualVaccineType-Varicella\"> </a></td><td>Varicella</td></tr><tr><td style=\"white-space:nowrap\">YellowFever<a name=\"PreQualVaccineType-YellowFever\"> </a></td><td>Yellow Fever</td></tr><tr><td style=\"white-space:nowrap\">cholerainactivatedoral<a name=\"PreQualVaccineType-cholerainactivatedoral\"> </a></td><td>cholera: inactivated oral</td></tr></table></div>"
  },
  "url" : "http://smart.who.int/pcmt-vaxprequal/CodeSystem/PreQualVaccineType",
  "version" : "0.2.0",
  "name" : "PreQualVaccineType",
  "title" : "WHO PreQualificaiton Vaccine VaccineTypes",
  "status" : "active",
  "date" : "2025-09-16T18:48:18+00:00",
  "publisher" : "WHO",
  "contact" : [{
    "name" : "WHO",
    "telecom" : [{
      "system" : "url",
      "value" : "http://who.int"
    }]
  }],
  "description" : "WHO PreQualificaiton Vaccine VaccineTypes",
  "content" : "complete",
  "count" : 57,
  "concept" : [{
    "code" : "BCG",
    "display" : "BCG"
  },
  {
    "code" : "Covid19",
    "display" : "Covid-19"
  },
  {
    "code" : "DengueTetravalentliveattenuated",
    "display" : "Dengue Tetravalent (live, attenuated)"
  },
  {
    "code" : "DiphtheriaTetanus",
    "display" : "Diphtheria-Tetanus"
  },
  {
    "code" : "DiphtheriaTetanusreducedantigencontent",
    "display" : "Diphtheria-Tetanus (reduced antigen content)"
  },
  {
    "code" : "DiphtheriaTetanusPertussisacellular",
    "display" : "Diphtheria-Tetanus-Pertussis (acellular)"
  },
  {
    "code" : "DiphtheriaTetanusPertussisacellularHepatitisBHaemophilusinfluenzaetypebPolioInactivated",
    "display" : "Diphtheria-Tetanus-Pertussis (acellular)-Hepatitis B-Haemophilus influenzae type b-Polio (Inactivated)"
  },
  {
    "code" : "DiphtheriaTetanusPertussiswholecell",
    "display" : "Diphtheria-Tetanus-Pertussis (whole cell)"
  },
  {
    "code" : "DiphtheriaTetanusPertussiswholecellHaemophilusinfluenzaetypeb",
    "display" : "Diphtheria-Tetanus-Pertussis (whole cell)-Haemophilus influenzae type b"
  },
  {
    "code" : "DiphtheriaTetanusPertussiswholecellHepatitisBHaemophilusinfluenzaetypeb",
    "display" : "Diphtheria-Tetanus-Pertussis (whole cell)-Hepatitis B-Haemophilus influenzae type b"
  },
  {
    "code" : "DiphtheriaTetanusPertussiswholecellHepatitisBHaemophilusinfluenzaetypebPolioInactivated",
    "display" : "Diphtheria-Tetanus-Pertussis (whole cell)-Hepatitis B-Haemophilus influenzae type b-Polio (Inactivated)"
  },
  {
    "code" : "EbolaZairerVSVGZEBOVGPliveattenuated",
    "display" : "Ebola Zaire (rVSV∆G-ZEBOV-GP, live attenuated)"
  },
  {
    "code" : "EbolavaccineAd26ZEBOVGPrecombinant",
    "display" : "Ebola vaccine (Ad26.ZEBOV-GP [recombinant])"
  },
  {
    "code" : "EbolavaccineMVABNFilorecombinant",
    "display" : "Ebola vaccine (MVA-BN-Filo [recombinant])"
  },
  {
    "code" : "Haemophilusinfluenzaetypeb",
    "display" : "Haemophilus influenzae type b"
  },
  {
    "code" : "HepatitisAHumanDiploidCellInactivatedAdult",
    "display" : "Hepatitis A (Human Diploid Cell), Inactivated (Adult)"
  },
  {
    "code" : "HepatitisAHumanDiploidCellInactivatedPaediatric",
    "display" : "Hepatitis A (Human Diploid Cell), Inactivated (Paediatric)"
  },
  {
    "code" : "HepatitisB",
    "display" : "Hepatitis B"
  },
  {
    "code" : "HepatitisBPaediatric",
    "display" : "Hepatitis B (Paediatric)"
  },
  {
    "code" : "HumanPapillomavirusBivalent",
    "display" : "Human Papillomavirus (Bivalent)"
  },
  {
    "code" : "HumanPapillomavirusNinevalent",
    "display" : "Human Papillomavirus (Ninevalent)"
  },
  {
    "code" : "HumanPapillomavirusQuadrivalent",
    "display" : "Human Papillomavirus (Quadrivalent)"
  },
  {
    "code" : "InfluenzaPandemicH1N1",
    "display" : "Influenza, Pandemic (H1N1)"
  },
  {
    "code" : "InfluenzaPandemicH5N1",
    "display" : "Influenza, Pandemic (H5N1)"
  },
  {
    "code" : "InfluenzaseasonalQuadrivalent",
    "display" : "Influenza, seasonal (Quadrivalent)"
  },
  {
    "code" : "InfluenzaseasonalTrivalent",
    "display" : "Influenza, seasonal (Trivalent)"
  },
  {
    "code" : "JapaneseEncephalitisVaccineInactivated3µgPediatric",
    "display" : "Japanese Encephalitis Vaccine (Inactivated) (3µg Pediatric)"
  },
  {
    "code" : "JapaneseEncephalitisVaccineInactivated6µg",
    "display" : "Japanese Encephalitis Vaccine (Inactivated) 6µg"
  },
  {
    "code" : "JapaneseEncephalitisVaccineliveattenuated",
    "display" : "Japanese Encephalitis Vaccine (live, attenuated)"
  },
  {
    "code" : "Malaria",
    "display" : "Malaria"
  },
  {
    "code" : "Measles",
    "display" : "Measles"
  },
  {
    "code" : "MeaslesandRubella",
    "display" : "Measles and Rubella"
  },
  {
    "code" : "MeaslesMumpsandRubella",
    "display" : "Measles, Mumps and Rubella"
  },
  {
    "code" : "MenigococcalACYWXPolysaccharideconjugate",
    "display" : "Menigococcal ACYWX (Polysaccharide conjugate)"
  },
  {
    "code" : "MeningococcalAConjugate10µg",
    "display" : "Meningococcal A Conjugate 10 µg"
  },
  {
    "code" : "MeningococcalAConjugate5µg",
    "display" : "Meningococcal A Conjugate 5 µg"
  },
  {
    "code" : "MeningococcalACYW135conjugatevaccine",
    "display" : "Meningococcal ACYW-135 (conjugate vaccine)"
  },
  {
    "code" : "MeningococcalACYW135TetanusToxoidconjugatevaccine",
    "display" : "Meningococcal ACYW-135 Tetanus Toxoid (conjugate vaccine)"
  },
  {
    "code" : "Pneumococcalconjugate",
    "display" : "Pneumococcal (conjugate)"
  },
  {
    "code" : "PolioVaccineInactivatedIPV",
    "display" : "Polio Vaccine - Inactivated (IPV)"
  },
  {
    "code" : "PolioVaccineInactivatedSabinsIPV",
    "display" : "Polio Vaccine - Inactivated Sabin (sIPV)"
  },
  {
    "code" : "PolioVaccineNovelOralnOPVType2",
    "display" : "Polio Vaccine - Novel Oral (nOPV) Type 2"
  },
  {
    "code" : "PolioVaccineOralOPVBivalentTypes1and3",
    "display" : "Polio Vaccine - Oral (OPV) Bivalent Types 1 and 3"
  },
  {
    "code" : "PolioVaccineOralOPVMonovalentType1",
    "display" : "Polio Vaccine - Oral (OPV) Monovalent Type 1"
  },
  {
    "code" : "PolioVaccineOralOPVMonovalentType2",
    "display" : "Polio Vaccine - Oral (OPV) Monovalent Type 2"
  },
  {
    "code" : "PolioVaccineOralOPVMonovalentType3",
    "display" : "Polio Vaccine - Oral (OPV) Monovalent Type 3"
  },
  {
    "code" : "PolioVaccineOralOPVTrivalent",
    "display" : "Polio Vaccine - Oral (OPV) Trivalent"
  },
  {
    "code" : "Rabies",
    "display" : "Rabies"
  },
  {
    "code" : "Rotavirus",
    "display" : "Rotavirus"
  },
  {
    "code" : "Rotavirusliveattenuated",
    "display" : "Rotavirus (live, attenuated)"
  },
  {
    "code" : "Rubella",
    "display" : "Rubella"
  },
  {
    "code" : "SmallpoxandMpoxvaccineLiveModifiedVacciniaVirusAnkara",
    "display" : "Smallpox and Mpox vaccine (Live Modified Vaccinia Virus Ankara)"
  },
  {
    "code" : "TetanusToxoid",
    "display" : "Tetanus Toxoid"
  },
  {
    "code" : "TyphoidConjugate",
    "display" : "Typhoid (Conjugate)"
  },
  {
    "code" : "Varicella",
    "display" : "Varicella"
  },
  {
    "code" : "YellowFever",
    "display" : "Yellow Fever"
  },
  {
    "code" : "cholerainactivatedoral",
    "display" : "cholera: inactivated oral"
  }]
}